{"cameraMode":{"drawMode":0,"name":"Shaded","section":"Shading Mode"},"sceneLighting":true,"audioPlay":false,"sceneViewState":{"m_AlwaysRefresh":false,"showFog":true,"showSkybox":true,"showFlares":true,"showImageEffects":true,"showParticleSystems":true,"showVisualEffectGraphs":true,"m_FxEnabled":true},"in2DMode":false,"pivot":{"x":-0.04624861478805542,"y":-2.9468297958374025,"z":0.3565840721130371},"rotation":{"x":0.5731509327888489,"y":-0.01720532774925232,"z":0.012037944979965687,"w":0.8191807270050049},"size":9.551057815551758,"orthographic":false}